sku,name,filename,sourceUrl,imageUrl
SC-MOU-001,Logitech MX Master 3S Wireless Mouse,sc-mou-001.jpg,https://www.phongcachxanh.vn/cdn/shop/products/chu-t-khong-day-logitech-mx-master-3s-wireless-37779554468085.jpg?v=1677212102&width=1600,https://smartcommerce-shop.onrender.com/images/products/sc-mou-001.jpg
SC-KEY-002,Logitech MX Keys S Wireless Keyboard,sc-key-002.jpg,https://www.allithypermarket.com.my/cdn/shop/files/my-11134207-7qul1-lj5gjp923qrq34.jpg?v=1689827529,https://smartcommerce-shop.onrender.com/images/products/sc-key-002.jpg
SC-LAP-003,Apple MacBook Air 13-inch M4,sc-lap-003.jpg,https://www.maydan.ma/cdn/shop/files/MacBook_AIr_M4-1.png?v=1772547200,https://smartcommerce-shop.onrender.com/images/products/sc-lap-003.jpg
SC-LAP-004,Lenovo ThinkPad E14 Gen 6,sc-lap-004.jpg,https://www.ryans.com/storage/products/main/lenovo-thinkpad-e14-gen-6-series-1-intel-core-11755002431.webp,https://smartcommerce-shop.onrender.com/images/products/sc-lap-004.jpg
SC-MON-005,Dell UltraSharp U2723QE 27-inch Monitor,sc-mon-005.jpg,https://focuscamera.com/cdn/shop/files/3027579.jpg?crop=center&height=1200&v=1752072743&width=1200,https://smartcommerce-shop.onrender.com/images/products/sc-mon-005.jpg
SC-MON-006,Samsung Odyssey G5 27-inch Monitor,sc-mon-006.jpg,https://jo-cell.com/cdn/shop/files/LS27DG502EMXUE-1200x1200_1024x.jpg?v=1736926348,https://smartcommerce-shop.onrender.com/images/products/sc-mon-006.jpg
SC-TAB-007,Apple iPad Air 11-inch M3,sc-tab-007.jpg,https://www.cdiscount.com/pdt2/t/y/a/1/700x700/mca14tya/rw/apple-ipad-air-m3-2025-11-wi-fi-256go.jpg,https://smartcommerce-shop.onrender.com/images/products/sc-tab-007.jpg
SC-TAB-008,Samsung Galaxy Tab S10 FE,sc-tab-008.png,https://www.custommacbd.com/cdn/shop/files/galaxy-tab-s10-fe-Blue-Custom-Mac-BD.png?v=1744440381,https://smartcommerce-shop.onrender.com/images/products/sc-tab-008.png
SC-AUD-009,Sony WH-1000XM5 Headphones,sc-aud-009.png,https://cdn.uniquephoto.com/resources/uniquephoto/images/products/processed/SYCD3506.detail.a.png,https://smartcommerce-shop.onrender.com/images/products/sc-aud-009.png
SC-AUD-010,JBL Flip 6 Bluetooth Speaker,sc-aud-010.jpg,https://reviewed-com-res.cloudinary.com/image/fetch/s--Uq83L0ed--/b_white%2Cc_limit%2Ccs_srgb%2Cf_auto%2Cfl_progressive.strip_profile%2Cg_center%2Cq_auto%2Cw_972/https%3A/reviewed-production.s3.amazonaws.com/1651622088546/JBL_Flip_6_hero_brick.jpg,https://smartcommerce-shop.onrender.com/images/products/sc-aud-010.jpg
SC-PWR-011,Anker 737 Power Bank 24000mAh,sc-pwr-011.jpg,https://e-tec-2025-eu-central.s3.eu-central-1.amazonaws.com/xstorage/1/_cache/20240409/357752_811792_1_7b8c3e065bcea9ed0555a583284c1cf4.jpg,https://smartcommerce-shop.onrender.com/images/products/sc-pwr-011.jpg
SC-PWR-012,Anker 735 USB-C Charger 65W,sc-pwr-012.jpg,https://coolmobile.net.nz/cdn/shop/files/AN_42b820ab-72b0-4562-b8bb-c67f46635973_1024x.jpg?v=1758237252,https://smartcommerce-shop.onrender.com/images/products/sc-pwr-012.jpg
SC-STO-013,Samsung T7 Shield Portable SSD 1TB,sc-sto-013.jpg,https://snpi.dell.com/snp/images/products/large/AC145405_MVI7.jpg,https://smartcommerce-shop.onrender.com/images/products/sc-sto-013.jpg
SC-STO-014,SanDisk Extreme Portable SSD 2TB,sc-sto-014.jpg,https://cdn.mwave.com.au/images/400/sandisk_2tb_usbc_32_extreme_portable_ssd_v2_sdssde612t00g25_ac49952.jpg,https://smartcommerce-shop.onrender.com/images/products/sc-sto-014.jpg
SC-CAM-015,Logitech Brio 4K Webcam,sc-cam-015.jpg,https://dojiw2m9tvv09.cloudfront.net/17134/product/webcam-logitech-brio-4k-campo-90-pcclick-d_nq_np_900704-mlc42094793928_062020-f3366.jpg,https://smartcommerce-shop.onrender.com/images/products/sc-cam-015.jpg
SC-ACC-016,Elgato Stream Deck MK.2,sc-acc-016.jpg,https://s3-apw.badencloud.store/49882-cdn/39553d99-7dd1-44f2-801e-065ba135e837_0_1687937939.jpg,https://smartcommerce-shop.onrender.com/images/products/sc-acc-016.jpg
SC-NET-017,TP-Link Archer AX55 Wi-Fi 6 Router,sc-net-017.jpg,https://s13emagst.akamaized.net/products/40355/40354872/images/res_a91f85bec16c54b2329365e8063c9582.jpg,https://smartcommerce-shop.onrender.com/images/products/sc-net-017.jpg
SC-ACC-018,UGREEN Revodok USB-C Hub 6-in-1,sc-acc-018.webp,https://www.ugreen.com/cdn/shop/files/9b1108f940e6ef95da7400e0fb48d2e0.webp?v=1766052182&width=1445,https://smartcommerce-shop.onrender.com/images/products/sc-acc-018.webp
SC-DEV-019,Raspberry Pi 5 8GB,sc-dev-019.jpg,https://makerbazar.in/cdn/shop/files/raspberry_pi_5_8gb_800x.jpg?v=1702483606,https://smartcommerce-shop.onrender.com/images/products/sc-dev-019.jpg
SC-KEY-020,Keychron K2 Wireless Mechanical Keyboard,sc-key-020.jpg,https://i.ebayimg.com/images/g/Ae8AAOSwCClj8-ip/s-l1200.jpg,https://smartcommerce-shop.onrender.com/images/products/sc-key-020.jpg
