name,sku,category,description,sellingPrice,quantity,lowStockThreshold,imageUrl
Logitech MX Master 3S Wireless Mouse,SC-MOU-001,Accessories,"Ergonomic wireless mouse with quiet clicks, precision tracking and USB-C charging",99.99,24,5,https://placehold.co/800x600/e9eef5/25344a/png?text=Logitech%20MX%20Master%203S%20Wireless%20Mouse
Logitech MX Keys S Wireless Keyboard,SC-KEY-002,Accessories,Low-profile illuminated wireless keyboard for comfortable everyday typing,119.99,18,4,https://placehold.co/800x600/e9eef5/25344a/png?text=Logitech%20MX%20Keys%20S%20Wireless%20Keyboard
Apple MacBook Air 13-inch M4,SC-LAP-003,Laptops,Lightweight 13-inch laptop with Apple silicon and long battery life,1199.00,9,2,https://placehold.co/800x600/e9eef5/25344a/png?text=Apple%20MacBook%20Air%2013-inch%20M4
Lenovo ThinkPad E14 Gen 6,SC-LAP-004,Laptops,14-inch business laptop with practical connectivity and durable design,899.00,6,2,https://placehold.co/800x600/e9eef5/25344a/png?text=Lenovo%20ThinkPad%20E14%20Gen%206
Dell UltraSharp U2723QE 27-inch Monitor,SC-MON-005,Monitors,27-inch 4K IPS monitor with USB-C hub for professional workspaces,549.00,7,2,https://placehold.co/800x600/e9eef5/25344a/png?text=Dell%20UltraSharp%20U2723QE%2027-inch%20Monitor
Samsung Odyssey G5 27-inch Monitor,SC-MON-006,Monitors,27-inch high-refresh gaming monitor for smooth visuals,279.00,12,3,https://placehold.co/800x600/e9eef5/25344a/png?text=Samsung%20Odyssey%20G5%2027-inch%20Monitor
Apple iPad Air 11-inch M3,SC-TAB-007,Tablets,"Portable 11-inch tablet for notes, media and creative tasks",699.00,8,2,https://placehold.co/800x600/e9eef5/25344a/png?text=Apple%20iPad%20Air%2011-inch%20M3
Samsung Galaxy Tab S10 FE,SC-TAB-008,Tablets,Versatile Android tablet with stylus support for study and work,529.00,5,2,https://placehold.co/800x600/e9eef5/25344a/png?text=Samsung%20Galaxy%20Tab%20S10%20FE
Sony WH-1000XM5 Headphones,SC-AUD-009,Audio,Wireless over-ear headphones with active noise cancellation,299.00,15,4,https://placehold.co/800x600/e9eef5/25344a/png?text=Sony%20WH-1000XM5%20Headphones
JBL Flip 6 Bluetooth Speaker,SC-AUD-010,Audio,Compact portable Bluetooth speaker with water-resistant design,109.00,20,5,https://placehold.co/800x600/e9eef5/25344a/png?text=JBL%20Flip%206%20Bluetooth%20Speaker
Anker 737 Power Bank 24000mAh,SC-PWR-011,Power & Charging,High-capacity portable charger with USB-C fast charging,119.00,11,3,https://placehold.co/800x600/e9eef5/25344a/png?text=Anker%20737%20Power%20Bank%2024000mAh
Anker 735 USB-C Charger 65W,SC-PWR-012,Power & Charging,Compact multi-port fast charger for laptops and phones,49.99,25,6,https://placehold.co/800x600/e9eef5/25344a/png?text=Anker%20735%20USB-C%20Charger%2065W
Samsung T7 Shield Portable SSD 1TB,SC-STO-013,Storage,Rugged portable solid-state drive for fast external storage,109.99,14,4,https://placehold.co/800x600/e9eef5/25344a/png?text=Samsung%20T7%20Shield%20Portable%20SSD%201TB
SanDisk Extreme Portable SSD 2TB,SC-STO-014,Storage,Compact external SSD for large files and portable backups,179.99,3,5,https://placehold.co/800x600/e9eef5/25344a/png?text=SanDisk%20Extreme%20Portable%20SSD%202TB
Logitech Brio 4K Webcam,SC-CAM-015,Cameras,4K USB webcam for clear video meetings and streaming,169.00,9,3,https://placehold.co/800x600/e9eef5/25344a/png?text=Logitech%20Brio%204K%20Webcam
Elgato Stream Deck MK.2,SC-ACC-016,Accessories,Customizable shortcut controller for streaming and productivity,149.99,4,5,https://placehold.co/800x600/e9eef5/25344a/png?text=Elgato%20Stream%20Deck%20MK.2
TP-Link Archer AX55 Wi-Fi 6 Router,SC-NET-017,Networking,Dual-band Wi-Fi 6 router for reliable home networking,89.99,13,3,https://placehold.co/800x600/e9eef5/25344a/png?text=TP-Link%20Archer%20AX55%20Wi-Fi%206%20Router
UGREEN Revodok USB-C Hub 6-in-1,SC-ACC-018,Accessories,"USB-C multiport adapter with HDMI, USB and card connectivity",39.99,30,6,https://placehold.co/800x600/e9eef5/25344a/png?text=UGREEN%20Revodok%20USB-C%20Hub%206-in-1
Raspberry Pi 5 8GB,SC-DEV-019,Development,"Single-board computer for learning, automation and prototyping",99.99,2,4,https://placehold.co/800x600/e9eef5/25344a/png?text=Raspberry%20Pi%205%208GB
Keychron K2 Wireless Mechanical Keyboard,SC-KEY-020,Accessories,Compact wireless mechanical keyboard for typing and coding,89.99,16,4,https://placehold.co/800x600/e9eef5/25344a/png?text=Keychron%20K2%20Wireless%20Mechanical%20Keyboard
